<?xml version="1.0" encoding="iso-8859-1"?>
<iepd:FoiaAnnualReport xsi:schemaLocation="http://leisp.usdoj.gov/niem/FoiaAnnualReport/exchange/1.03 ../schema/exchange/FoiaAnnualReport.xsd"  xmlns:iepd="http://leisp.usdoj.gov/niem/FoiaAnnualReport/exchange/1.03" xmlns:foia="http://leisp.usdoj.gov/niem/FoiaAnnualReport/extension/1.03" xmlns:i="http://niem.gov/niem/appinfo/2.0" xmlns:j="http://niem.gov/niem/domains/jxdm/4.1" xmlns:nc="http://niem.gov/niem/niem-core/2.0" xmlns:s="http://niem.gov/niem/structures/2.0" xmlns:xsi="http://www.w3.org/2001/XMLSchema-instance">
  <nc:DocumentApplicationName nc:applicationVersionText="1.01">FOIA Annual Report Workbook</nc:DocumentApplicationName>
  <nc:DocumentCreationDate>
    <nc:Date>2020-04-13</nc:Date>
  </nc:DocumentCreationDate>
  <nc:DocumentDescriptionText>FOIA Annual Report</nc:DocumentDescriptionText>
  <nc:Organization s:id="ORG0">
    <nc:OrganizationAbbreviationText>ConsumerFinancialProtectionBureauCFPB</nc:OrganizationAbbreviationText>
    <nc:OrganizationName>Consumer Financial Protection Bureau (CFPB)</nc:OrganizationName>
    <nc:OrganizationSubUnit s:id="ORG1">
      <nc:OrganizationAbbreviationText>OverAll Agency</nc:OrganizationAbbreviationText>
      <nc:OrganizationName>OverAll Agency</nc:OrganizationName>
    </nc:OrganizationSubUnit>
  </nc:Organization>
  <foia:DocumentFiscalYearDate>2020</foia:DocumentFiscalYearDate>
  <foia:Exemption3StatuteSection>
    <foia:ReliedUponStatute s:id="ES1">
      <j:StatuteDescriptionText>5 U.S.C. App. � 107(a)</j:StatuteDescriptionText>
      <foia:ReliedUponStatuteInformationWithheldText>Financial disclosure information pertaining to certain government employees.</foia:ReliedUponStatuteInformationWithheldText>
      <nc:Case>
        <nc:CaseTitleText>Meyerhoff v. EPA, 958 F.2d
1498, 1500-02 (9th Cir.
1992); Concepcion v. FBI,
606 F. Supp. 2d 14, 33
(D.D.C. 2009), renewed
motion for summary judgment
granted in part on other
grounds, 699 F. Supp. 2d 106
(D.D.C. 2010).</nc:CaseTitleText>
      </nc:Case>
    </foia:ReliedUponStatute>
    <foia:ReliedUponStatute s:id="ES2">
      <j:StatuteDescriptionText>5 USC app. 105</j:StatuteDescriptionText>
      <foia:ReliedUponStatuteInformationWithheldText>Custody of and public access to reports</foia:ReliedUponStatuteInformationWithheldText>
      <nc:Case>
        <nc:CaseTitleText>
        </nc:CaseTitleText>
      </nc:Case>
    </foia:ReliedUponStatute>
    <foia:ReliedUponStatuteOrganizationAssociation>
      <foia:ComponentDataReference s:ref="ES1"/>
      <nc:OrganizationReference s:ref="ORG1"/>
      <foia:ReliedUponStatuteQuantity>1</foia:ReliedUponStatuteQuantity>
    </foia:ReliedUponStatuteOrganizationAssociation>
    <foia:ReliedUponStatuteOrganizationAssociation>
      <foia:ComponentDataReference s:ref="ES2"/>
      <nc:OrganizationReference s:ref="ORG1"/>
      <foia:ReliedUponStatuteQuantity>1</foia:ReliedUponStatuteQuantity>
    </foia:ReliedUponStatuteOrganizationAssociation>
    <foia:FootnoteText>
    </foia:FootnoteText>
  </foia:Exemption3StatuteSection>
  <foia:ProcessedRequestSection>
    <foia:ProcessingStatistics s:id="PS1">
      <foia:ProcessingStatisticsPendingAtStartQuantity>215</foia:ProcessingStatisticsPendingAtStartQuantity>
      <foia:ProcessingStatisticsReceivedQuantity>80</foia:ProcessingStatisticsReceivedQuantity>
      <foia:ProcessingStatisticsProcessedQuantity>97</foia:ProcessingStatisticsProcessedQuantity>
      <foia:ProcessingStatisticsPendingAtEndQuantity>198</foia:ProcessingStatisticsPendingAtEndQuantity>
    </foia:ProcessingStatistics>
    <foia:ProcessingStatistics s:id="PS0">
      <foia:ProcessingStatisticsPendingAtStartQuantity>215</foia:ProcessingStatisticsPendingAtStartQuantity>
      <foia:ProcessingStatisticsReceivedQuantity>80</foia:ProcessingStatisticsReceivedQuantity>
      <foia:ProcessingStatisticsProcessedQuantity>97</foia:ProcessingStatisticsProcessedQuantity>
      <foia:ProcessingStatisticsPendingAtEndQuantity>198</foia:ProcessingStatisticsPendingAtEndQuantity>
    </foia:ProcessingStatistics>
    <foia:ProcessingStatisticsOrganizationAssociation>
      <foia:ComponentDataReference s:ref="PS1"/>
      <nc:OrganizationReference s:ref="ORG1"/>
    </foia:ProcessingStatisticsOrganizationAssociation>
    <foia:ProcessingStatisticsOrganizationAssociation>
      <foia:ComponentDataReference s:ref="PS0" />
      <nc:OrganizationReference s:ref="ORG0" />
    </foia:ProcessingStatisticsOrganizationAssociation>
    <foia:FootnoteText>
    </foia:FootnoteText>
  </foia:ProcessedRequestSection>
  <foia:RequestDispositionSection>
    <foia:RequestDisposition s:id="RD1">
      <foia:RequestDispositionFullGrantQuantity>16</foia:RequestDispositionFullGrantQuantity>
      <foia:RequestDispositionPartialGrantQuantity>44</foia:RequestDispositionPartialGrantQuantity>
      <foia:RequestDispositionFullExemptionDenialQuantity>7</foia:RequestDispositionFullExemptionDenialQuantity>
      <foia:NonExemptionDenial>
        <foia:NonExemptionDenialReasonCode>NoRecords</foia:NonExemptionDenialReasonCode>
        <foia:NonExemptionDenialQuantity>14</foia:NonExemptionDenialQuantity>
      </foia:NonExemptionDenial>
      <foia:NonExemptionDenial>
        <foia:NonExemptionDenialReasonCode>Referred</foia:NonExemptionDenialReasonCode>
        <foia:NonExemptionDenialQuantity>0</foia:NonExemptionDenialQuantity>
      </foia:NonExemptionDenial>
      <foia:NonExemptionDenial>
        <foia:NonExemptionDenialReasonCode>Withdrawn</foia:NonExemptionDenialReasonCode>
        <foia:NonExemptionDenialQuantity>7</foia:NonExemptionDenialQuantity>
      </foia:NonExemptionDenial>
      <foia:NonExemptionDenial>
        <foia:NonExemptionDenialReasonCode>FeeRelated</foia:NonExemptionDenialReasonCode>
        <foia:NonExemptionDenialQuantity>0</foia:NonExemptionDenialQuantity>
      </foia:NonExemptionDenial>
      <foia:NonExemptionDenial>
        <foia:NonExemptionDenialReasonCode>NotDescribed</foia:NonExemptionDenialReasonCode>
        <foia:NonExemptionDenialQuantity>0</foia:NonExemptionDenialQuantity>
      </foia:NonExemptionDenial>
      <foia:NonExemptionDenial>
        <foia:NonExemptionDenialReasonCode>ImproperRequest</foia:NonExemptionDenialReasonCode>
        <foia:NonExemptionDenialQuantity>2</foia:NonExemptionDenialQuantity>
      </foia:NonExemptionDenial>
      <foia:NonExemptionDenial>
        <foia:NonExemptionDenialReasonCode>NotAgency</foia:NonExemptionDenialReasonCode>
        <foia:NonExemptionDenialQuantity>2</foia:NonExemptionDenialQuantity>
      </foia:NonExemptionDenial>
      <foia:NonExemptionDenial>
        <foia:NonExemptionDenialReasonCode>Duplicate</foia:NonExemptionDenialReasonCode>
        <foia:NonExemptionDenialQuantity>5</foia:NonExemptionDenialQuantity>
      </foia:NonExemptionDenial>
      <foia:NonExemptionDenial>
        <foia:NonExemptionDenialReasonCode>Other</foia:NonExemptionDenialReasonCode>
        <foia:NonExemptionDenialQuantity>0</foia:NonExemptionDenialQuantity>
      </foia:NonExemptionDenial>
      <foia:RequestDispositionTotalQuantity>97</foia:RequestDispositionTotalQuantity>
    </foia:RequestDisposition>
    <foia:RequestDisposition s:id="RD0">
      <foia:RequestDispositionFullGrantQuantity>16</foia:RequestDispositionFullGrantQuantity>
      <foia:RequestDispositionPartialGrantQuantity>44</foia:RequestDispositionPartialGrantQuantity>
      <foia:RequestDispositionFullExemptionDenialQuantity>7</foia:RequestDispositionFullExemptionDenialQuantity>
      <foia:NonExemptionDenial>
        <foia:NonExemptionDenialReasonCode>NoRecords</foia:NonExemptionDenialReasonCode>
        <foia:NonExemptionDenialQuantity>14</foia:NonExemptionDenialQuantity>
      </foia:NonExemptionDenial>
      <foia:NonExemptionDenial>
        <foia:NonExemptionDenialReasonCode>Referred</foia:NonExemptionDenialReasonCode>
        <foia:NonExemptionDenialQuantity>0</foia:NonExemptionDenialQuantity>
      </foia:NonExemptionDenial>
      <foia:NonExemptionDenial>
        <foia:NonExemptionDenialReasonCode>Withdrawn</foia:NonExemptionDenialReasonCode>
        <foia:NonExemptionDenialQuantity>7</foia:NonExemptionDenialQuantity>
      </foia:NonExemptionDenial>
      <foia:NonExemptionDenial>
        <foia:NonExemptionDenialReasonCode>FeeRelated</foia:NonExemptionDenialReasonCode>
        <foia:NonExemptionDenialQuantity>0</foia:NonExemptionDenialQuantity>
      </foia:NonExemptionDenial>
      <foia:NonExemptionDenial>
        <foia:NonExemptionDenialReasonCode>NotDescribed</foia:NonExemptionDenialReasonCode>
        <foia:NonExemptionDenialQuantity>0</foia:NonExemptionDenialQuantity>
      </foia:NonExemptionDenial>
      <foia:NonExemptionDenial>
        <foia:NonExemptionDenialReasonCode>ImproperRequest</foia:NonExemptionDenialReasonCode>
        <foia:NonExemptionDenialQuantity>2</foia:NonExemptionDenialQuantity>
      </foia:NonExemptionDenial>
      <foia:NonExemptionDenial>
        <foia:NonExemptionDenialReasonCode>NotAgency</foia:NonExemptionDenialReasonCode>
        <foia:NonExemptionDenialQuantity>2</foia:NonExemptionDenialQuantity>
      </foia:NonExemptionDenial>
      <foia:NonExemptionDenial>
        <foia:NonExemptionDenialReasonCode>Duplicate</foia:NonExemptionDenialReasonCode>
        <foia:NonExemptionDenialQuantity>5</foia:NonExemptionDenialQuantity>
      </foia:NonExemptionDenial>
      <foia:NonExemptionDenial>
        <foia:NonExemptionDenialReasonCode>Other</foia:NonExemptionDenialReasonCode>
        <foia:NonExemptionDenialQuantity>0</foia:NonExemptionDenialQuantity>
      </foia:NonExemptionDenial>
      <foia:RequestDispositionTotalQuantity>97</foia:RequestDispositionTotalQuantity>
    </foia:RequestDisposition>
    <foia:RequestDispositionOrganizationAssociation>
      <foia:ComponentDataReference s:ref="RD1"/>
      <nc:OrganizationReference s:ref="ORG1"/>
    </foia:RequestDispositionOrganizationAssociation>
    <foia:RequestDispositionOrganizationAssociation>
      <foia:ComponentDataReference s:ref="RD0" />
      <nc:OrganizationReference s:ref="ORG0" />
    </foia:RequestDispositionOrganizationAssociation>
    <foia:FootnoteText>
    </foia:FootnoteText>
  </foia:RequestDispositionSection>
  <foia:RequestDenialOtherReasonSection>
    <foia:FootnoteText>
    </foia:FootnoteText>
  </foia:RequestDenialOtherReasonSection>
  <foia:RequestDispositionAppliedExemptionsSection>
    <foia:ComponentAppliedExemptions s:id="RDE1">
      <foia:AppliedExemption>
        <foia:AppliedExemptionCode>Ex. 2</foia:AppliedExemptionCode>
        <foia:AppliedExemptionQuantity>1</foia:AppliedExemptionQuantity>
      </foia:AppliedExemption>
      <foia:AppliedExemption>
        <foia:AppliedExemptionCode>Ex. 3</foia:AppliedExemptionCode>
        <foia:AppliedExemptionQuantity>1</foia:AppliedExemptionQuantity>
      </foia:AppliedExemption>
      <foia:AppliedExemption>
        <foia:AppliedExemptionCode>Ex. 4</foia:AppliedExemptionCode>
        <foia:AppliedExemptionQuantity>12</foia:AppliedExemptionQuantity>
      </foia:AppliedExemption>
      <foia:AppliedExemption>
        <foia:AppliedExemptionCode>Ex. 5</foia:AppliedExemptionCode>
        <foia:AppliedExemptionQuantity>16</foia:AppliedExemptionQuantity>
      </foia:AppliedExemption>
      <foia:AppliedExemption>
        <foia:AppliedExemptionCode>Ex. 6</foia:AppliedExemptionCode>
        <foia:AppliedExemptionQuantity>43</foia:AppliedExemptionQuantity>
      </foia:AppliedExemption>
      <foia:AppliedExemption>
        <foia:AppliedExemptionCode>Ex. 7(A)</foia:AppliedExemptionCode>
        <foia:AppliedExemptionQuantity>5</foia:AppliedExemptionQuantity>
      </foia:AppliedExemption>
      <foia:AppliedExemption>
        <foia:AppliedExemptionCode>Ex. 7(C)</foia:AppliedExemptionCode>
        <foia:AppliedExemptionQuantity>3</foia:AppliedExemptionQuantity>
      </foia:AppliedExemption>
      <foia:AppliedExemption>
        <foia:AppliedExemptionCode>Ex. 7(D)</foia:AppliedExemptionCode>
        <foia:AppliedExemptionQuantity>1</foia:AppliedExemptionQuantity>
      </foia:AppliedExemption>
      <foia:AppliedExemption>
        <foia:AppliedExemptionCode>Ex. 7(E)</foia:AppliedExemptionCode>
        <foia:AppliedExemptionQuantity>5</foia:AppliedExemptionQuantity>
      </foia:AppliedExemption>
      <foia:AppliedExemption>
        <foia:AppliedExemptionCode>Ex. 8</foia:AppliedExemptionCode>
        <foia:AppliedExemptionQuantity>1</foia:AppliedExemptionQuantity>
      </foia:AppliedExemption>
    </foia:ComponentAppliedExemptions>
    <foia:ComponentAppliedExemptions s:id="RDE0">
      <foia:AppliedExemption>
        <foia:AppliedExemptionCode>Ex. 2</foia:AppliedExemptionCode>
        <foia:AppliedExemptionQuantity>1</foia:AppliedExemptionQuantity>
      </foia:AppliedExemption>
      <foia:AppliedExemption>
        <foia:AppliedExemptionCode>Ex. 3</foia:AppliedExemptionCode>
        <foia:AppliedExemptionQuantity>1</foia:AppliedExemptionQuantity>
      </foia:AppliedExemption>
      <foia:AppliedExemption>
        <foia:AppliedExemptionCode>Ex. 4</foia:AppliedExemptionCode>
        <foia:AppliedExemptionQuantity>12</foia:AppliedExemptionQuantity>
      </foia:AppliedExemption>
      <foia:AppliedExemption>
        <foia:AppliedExemptionCode>Ex. 5</foia:AppliedExemptionCode>
        <foia:AppliedExemptionQuantity>16</foia:AppliedExemptionQuantity>
      </foia:AppliedExemption>
      <foia:AppliedExemption>
        <foia:AppliedExemptionCode>Ex. 6</foia:AppliedExemptionCode>
        <foia:AppliedExemptionQuantity>43</foia:AppliedExemptionQuantity>
      </foia:AppliedExemption>
      <foia:AppliedExemption>
        <foia:AppliedExemptionCode>Ex. 7(A)</foia:AppliedExemptionCode>
        <foia:AppliedExemptionQuantity>5</foia:AppliedExemptionQuantity>
      </foia:AppliedExemption>
      <foia:AppliedExemption>
        <foia:AppliedExemptionCode>Ex. 7(C)</foia:AppliedExemptionCode>
        <foia:AppliedExemptionQuantity>3</foia:AppliedExemptionQuantity>
      </foia:AppliedExemption>
      <foia:AppliedExemption>
        <foia:AppliedExemptionCode>Ex. 7(D)</foia:AppliedExemptionCode>
        <foia:AppliedExemptionQuantity>1</foia:AppliedExemptionQuantity>
      </foia:AppliedExemption>
      <foia:AppliedExemption>
        <foia:AppliedExemptionCode>Ex. 7(E)</foia:AppliedExemptionCode>
        <foia:AppliedExemptionQuantity>5</foia:AppliedExemptionQuantity>
      </foia:AppliedExemption>
      <foia:AppliedExemption>
        <foia:AppliedExemptionCode>Ex. 8</foia:AppliedExemptionCode>
        <foia:AppliedExemptionQuantity>1</foia:AppliedExemptionQuantity>
      </foia:AppliedExemption>
    </foia:ComponentAppliedExemptions>
    <foia:ComponentAppliedExemptionsOrganizationAssociation>
      <foia:ComponentDataReference s:ref="RDE1"/>
      <nc:OrganizationReference s:ref="ORG1"/>
    </foia:ComponentAppliedExemptionsOrganizationAssociation>
    <foia:ComponentAppliedExemptionsOrganizationAssociation>
      <foia:ComponentDataReference s:ref="RDE0" />
      <nc:OrganizationReference s:ref="ORG0" />
    </foia:ComponentAppliedExemptionsOrganizationAssociation>
    <foia:FootnoteText>
    </foia:FootnoteText>
  </foia:RequestDispositionAppliedExemptionsSection>
  <foia:ProcessedAppealSection>
    <foia:ProcessingStatistics s:id="PA1">
      <foia:ProcessingStatisticsPendingAtStartQuantity>1</foia:ProcessingStatisticsPendingAtStartQuantity>
      <foia:ProcessingStatisticsReceivedQuantity>5</foia:ProcessingStatisticsReceivedQuantity>
      <foia:ProcessingStatisticsProcessedQuantity>4</foia:ProcessingStatisticsProcessedQuantity>
      <foia:ProcessingStatisticsPendingAtEndQuantity>2</foia:ProcessingStatisticsPendingAtEndQuantity>
    </foia:ProcessingStatistics>
    <foia:ProcessingStatistics s:id="PA0">
      <foia:ProcessingStatisticsPendingAtStartQuantity>1</foia:ProcessingStatisticsPendingAtStartQuantity>
      <foia:ProcessingStatisticsReceivedQuantity>5</foia:ProcessingStatisticsReceivedQuantity>
      <foia:ProcessingStatisticsProcessedQuantity>4</foia:ProcessingStatisticsProcessedQuantity>
      <foia:ProcessingStatisticsPendingAtEndQuantity>2</foia:ProcessingStatisticsPendingAtEndQuantity>
    </foia:ProcessingStatistics>
    <foia:ProcessingStatisticsOrganizationAssociation>
      <foia:ComponentDataReference s:ref="PA1"/>
      <nc:OrganizationReference s:ref="ORG1"/>
    </foia:ProcessingStatisticsOrganizationAssociation>
    <foia:ProcessingStatisticsOrganizationAssociation>
      <foia:ComponentDataReference s:ref="PA0" />
      <nc:OrganizationReference s:ref="ORG0" />
    </foia:ProcessingStatisticsOrganizationAssociation>
    <foia:FootnoteText>
    </foia:FootnoteText>
  </foia:ProcessedAppealSection>
  <foia:AppealDispositionSection>
    <foia:AppealDisposition s:id="AD1">
      <foia:AppealDispositionAffirmedQuantity>1</foia:AppealDispositionAffirmedQuantity>
      <foia:AppealDispositionPartialQuantity>0</foia:AppealDispositionPartialQuantity>
      <foia:AppealDispositionReversedQuantity>2</foia:AppealDispositionReversedQuantity>
      <foia:AppealDispositionOtherQuantity>1</foia:AppealDispositionOtherQuantity>
      <foia:AppealDispositionTotalQuantity>4</foia:AppealDispositionTotalQuantity>
    </foia:AppealDisposition>
    <foia:AppealDisposition s:id="AD0">
      <foia:AppealDispositionAffirmedQuantity>1</foia:AppealDispositionAffirmedQuantity>
      <foia:AppealDispositionPartialQuantity>0</foia:AppealDispositionPartialQuantity>
      <foia:AppealDispositionReversedQuantity>2</foia:AppealDispositionReversedQuantity>
      <foia:AppealDispositionOtherQuantity>1</foia:AppealDispositionOtherQuantity>
      <foia:AppealDispositionTotalQuantity>4</foia:AppealDispositionTotalQuantity>
    </foia:AppealDisposition>
    <foia:AppealDispositionOrganizationAssociation>
      <foia:ComponentDataReference s:ref="AD1"/>
      <nc:OrganizationReference s:ref="ORG1"/>
    </foia:AppealDispositionOrganizationAssociation>
    <foia:AppealDispositionOrganizationAssociation>
      <foia:ComponentDataReference s:ref="AD0" />
      <nc:OrganizationReference s:ref="ORG0" />
    </foia:AppealDispositionOrganizationAssociation>
    <foia:FootnoteText>
    </foia:FootnoteText>
  </foia:AppealDispositionSection>
  <foia:AppealDispositionAppliedExemptionsSection>
    <foia:ComponentAppliedExemptions s:id="ADE1">
      <foia:AppliedExemption>
        <foia:AppliedExemptionCode>Ex. 7(A)</foia:AppliedExemptionCode>
        <foia:AppliedExemptionQuantity>1</foia:AppliedExemptionQuantity>
      </foia:AppliedExemption>
    </foia:ComponentAppliedExemptions>
    <foia:ComponentAppliedExemptions s:id="ADE0">
      <foia:AppliedExemption>
        <foia:AppliedExemptionCode>Ex. 7(A)</foia:AppliedExemptionCode>
        <foia:AppliedExemptionQuantity>1</foia:AppliedExemptionQuantity>
      </foia:AppliedExemption>
    </foia:ComponentAppliedExemptions>
    <foia:ComponentAppliedExemptionsOrganizationAssociation>
      <foia:ComponentDataReference s:ref="ADE1"/>
      <nc:OrganizationReference s:ref="ORG1"/>
    </foia:ComponentAppliedExemptionsOrganizationAssociation>
    <foia:ComponentAppliedExemptionsOrganizationAssociation>
      <foia:ComponentDataReference s:ref="ADE0" />
      <nc:OrganizationReference s:ref="ORG0" />
    </foia:ComponentAppliedExemptionsOrganizationAssociation>
    <foia:FootnoteText>
    </foia:FootnoteText>
  </foia:AppealDispositionAppliedExemptionsSection>
  <foia:AppealNonExemptionDenialSection>
    <foia:AppealNonExemptionDenial s:id="ANE1">
      <foia:NonExemptionDenial>
        <foia:NonExemptionDenialReasonCode>NoRecords</foia:NonExemptionDenialReasonCode>
        <foia:NonExemptionDenialQuantity>1</foia:NonExemptionDenialQuantity>
      </foia:NonExemptionDenial>
      <foia:NonExemptionDenial>
        <foia:NonExemptionDenialReasonCode>Referred</foia:NonExemptionDenialReasonCode>
        <foia:NonExemptionDenialQuantity>0</foia:NonExemptionDenialQuantity>
      </foia:NonExemptionDenial>
      <foia:NonExemptionDenial>
        <foia:NonExemptionDenialReasonCode>Withdrawn</foia:NonExemptionDenialReasonCode>
        <foia:NonExemptionDenialQuantity>0</foia:NonExemptionDenialQuantity>
      </foia:NonExemptionDenial>
      <foia:NonExemptionDenial>
        <foia:NonExemptionDenialReasonCode>FeeRelated</foia:NonExemptionDenialReasonCode>
        <foia:NonExemptionDenialQuantity>0</foia:NonExemptionDenialQuantity>
      </foia:NonExemptionDenial>
      <foia:NonExemptionDenial>
        <foia:NonExemptionDenialReasonCode>NotDescribed</foia:NonExemptionDenialReasonCode>
        <foia:NonExemptionDenialQuantity>0</foia:NonExemptionDenialQuantity>
      </foia:NonExemptionDenial>
      <foia:NonExemptionDenial>
        <foia:NonExemptionDenialReasonCode>ImproperRequest</foia:NonExemptionDenialReasonCode>
        <foia:NonExemptionDenialQuantity>0</foia:NonExemptionDenialQuantity>
      </foia:NonExemptionDenial>
      <foia:NonExemptionDenial>
        <foia:NonExemptionDenialReasonCode>NotAgency</foia:NonExemptionDenialReasonCode>
        <foia:NonExemptionDenialQuantity>0</foia:NonExemptionDenialQuantity>
      </foia:NonExemptionDenial>
      <foia:NonExemptionDenial>
        <foia:NonExemptionDenialReasonCode>Duplicate</foia:NonExemptionDenialReasonCode>
        <foia:NonExemptionDenialQuantity>0</foia:NonExemptionDenialQuantity>
      </foia:NonExemptionDenial>
      <foia:NonExemptionDenial>
        <foia:NonExemptionDenialReasonCode>InLitigation</foia:NonExemptionDenialReasonCode>
        <foia:NonExemptionDenialQuantity>0</foia:NonExemptionDenialQuantity>
      </foia:NonExemptionDenial>
      <foia:NonExemptionDenial>
        <foia:NonExemptionDenialReasonCode>ExpeditedDenial</foia:NonExemptionDenialReasonCode>
        <foia:NonExemptionDenialQuantity>0</foia:NonExemptionDenialQuantity>
      </foia:NonExemptionDenial>
      <foia:NonExemptionDenial>
        <foia:NonExemptionDenialReasonCode>Other</foia:NonExemptionDenialReasonCode>
        <foia:NonExemptionDenialQuantity>0</foia:NonExemptionDenialQuantity>
      </foia:NonExemptionDenial>
    </foia:AppealNonExemptionDenial>
    <foia:AppealNonExemptionDenial s:id="ANE0">
      <foia:NonExemptionDenial>
        <foia:NonExemptionDenialReasonCode>NoRecords</foia:NonExemptionDenialReasonCode>
        <foia:NonExemptionDenialQuantity>1</foia:NonExemptionDenialQuantity>
      </foia:NonExemptionDenial>
      <foia:NonExemptionDenial>
        <foia:NonExemptionDenialReasonCode>Referred</foia:NonExemptionDenialReasonCode>
        <foia:NonExemptionDenialQuantity>0</foia:NonExemptionDenialQuantity>
      </foia:NonExemptionDenial>
      <foia:NonExemptionDenial>
        <foia:NonExemptionDenialReasonCode>Withdrawn</foia:NonExemptionDenialReasonCode>
        <foia:NonExemptionDenialQuantity>0</foia:NonExemptionDenialQuantity>
      </foia:NonExemptionDenial>
      <foia:NonExemptionDenial>
        <foia:NonExemptionDenialReasonCode>FeeRelated</foia:NonExemptionDenialReasonCode>
        <foia:NonExemptionDenialQuantity>0</foia:NonExemptionDenialQuantity>
      </foia:NonExemptionDenial>
      <foia:NonExemptionDenial>
        <foia:NonExemptionDenialReasonCode>NotDescribed</foia:NonExemptionDenialReasonCode>
        <foia:NonExemptionDenialQuantity>0</foia:NonExemptionDenialQuantity>
      </foia:NonExemptionDenial>
      <foia:NonExemptionDenial>
        <foia:NonExemptionDenialReasonCode>ImproperRequest</foia:NonExemptionDenialReasonCode>
        <foia:NonExemptionDenialQuantity>0</foia:NonExemptionDenialQuantity>
      </foia:NonExemptionDenial>
      <foia:NonExemptionDenial>
        <foia:NonExemptionDenialReasonCode>NotAgency</foia:NonExemptionDenialReasonCode>
        <foia:NonExemptionDenialQuantity>0</foia:NonExemptionDenialQuantity>
      </foia:NonExemptionDenial>
      <foia:NonExemptionDenial>
        <foia:NonExemptionDenialReasonCode>Duplicate</foia:NonExemptionDenialReasonCode>
        <foia:NonExemptionDenialQuantity>0</foia:NonExemptionDenialQuantity>
      </foia:NonExemptionDenial>
      <foia:NonExemptionDenial>
        <foia:NonExemptionDenialReasonCode>InLitigation</foia:NonExemptionDenialReasonCode>
        <foia:NonExemptionDenialQuantity>0</foia:NonExemptionDenialQuantity>
      </foia:NonExemptionDenial>
      <foia:NonExemptionDenial>
        <foia:NonExemptionDenialReasonCode>ExpeditedDenial</foia:NonExemptionDenialReasonCode>
        <foia:NonExemptionDenialQuantity>0</foia:NonExemptionDenialQuantity>
      </foia:NonExemptionDenial>
      <foia:NonExemptionDenial>
        <foia:NonExemptionDenialReasonCode>Other</foia:NonExemptionDenialReasonCode>
        <foia:NonExemptionDenialQuantity>0</foia:NonExemptionDenialQuantity>
      </foia:NonExemptionDenial>
    </foia:AppealNonExemptionDenial>
    <foia:AppealNonExemptionDenialOrganizationAssociation>
      <foia:ComponentDataReference s:ref="ANE1"/>
      <nc:OrganizationReference s:ref="ORG1"/>
    </foia:AppealNonExemptionDenialOrganizationAssociation>
    <foia:AppealNonExemptionDenialOrganizationAssociation>
      <foia:ComponentDataReference s:ref="ANE0" />
      <nc:OrganizationReference s:ref="ORG0" />
    </foia:AppealNonExemptionDenialOrganizationAssociation>
    <foia:FootnoteText>
    </foia:FootnoteText>
  </foia:AppealNonExemptionDenialSection>
  <foia:AppealDenialOtherReasonSection>
    <foia:FootnoteText>
    </foia:FootnoteText>
  </foia:AppealDenialOtherReasonSection>
  <foia:AppealResponseTimeSection>
    <foia:ResponseTime s:id="ART1">
      <foia:ResponseTimeMedianDaysValue>20.00</foia:ResponseTimeMedianDaysValue>
      <foia:ResponseTimeAverageDaysValue>20.00</foia:ResponseTimeAverageDaysValue>
      <foia:ResponseTimeLowestDaysValue>20</foia:ResponseTimeLowestDaysValue>
      <foia:ResponseTimeHighestDaysValue>20</foia:ResponseTimeHighestDaysValue>
    </foia:ResponseTime>
    <foia:ResponseTime s:id="ART0">
      <foia:ResponseTimeMedianDaysValue>20.00</foia:ResponseTimeMedianDaysValue>
      <foia:ResponseTimeAverageDaysValue>20.00</foia:ResponseTimeAverageDaysValue>
      <foia:ResponseTimeLowestDaysValue>20</foia:ResponseTimeLowestDaysValue>
      <foia:ResponseTimeHighestDaysValue>20</foia:ResponseTimeHighestDaysValue>
    </foia:ResponseTime>
    <foia:ResponseTimeOrganizationAssociation>
      <foia:ComponentDataReference s:ref="ART1"/>
      <nc:OrganizationReference s:ref="ORG1"/>
    </foia:ResponseTimeOrganizationAssociation>
    <foia:ResponseTimeOrganizationAssociation>
      <foia:ComponentDataReference s:ref="ART0" />
      <nc:OrganizationReference s:ref="ORG0" />
    </foia:ResponseTimeOrganizationAssociation>
    <foia:FootnoteText>
    </foia:FootnoteText>
  </foia:AppealResponseTimeSection>
  <foia:OldestPendingAppealSection>
    <foia:OldestPendingItems s:id="OPA1">
      <foia:OldItem>
        <foia:OldItemReceiptDate>2020-03-27</foia:OldItemReceiptDate>
        <foia:OldItemPendingDaysQuantity>2</foia:OldItemPendingDaysQuantity>
      </foia:OldItem>
      <foia:OldItem>
        <foia:OldItemReceiptDate>2020-03-30</foia:OldItemReceiptDate>
        <foia:OldItemPendingDaysQuantity>1</foia:OldItemPendingDaysQuantity>
      </foia:OldItem>
    </foia:OldestPendingItems>
    <foia:OldestPendingItems s:id="OPA0">
      <foia:OldItem>
        <foia:OldItemReceiptDate>2020-03-27</foia:OldItemReceiptDate>
        <foia:OldItemPendingDaysQuantity>2</foia:OldItemPendingDaysQuantity>
      </foia:OldItem>
      <foia:OldItem>
        <foia:OldItemReceiptDate>2020-03-30</foia:OldItemReceiptDate>
        <foia:OldItemPendingDaysQuantity>1</foia:OldItemPendingDaysQuantity>
      </foia:OldItem>
    </foia:OldestPendingItems>
    <foia:OldestPendingItemsOrganizationAssociation>
      <foia:ComponentDataReference s:ref="OPA1"/>
      <nc:OrganizationReference s:ref="ORG1"/>
    </foia:OldestPendingItemsOrganizationAssociation>
    <foia:OldestPendingItemsOrganizationAssociation>
      <foia:ComponentDataReference s:ref="OPA0" />
      <nc:OrganizationReference s:ref="ORG0" />
    </foia:OldestPendingItemsOrganizationAssociation>
    <foia:FootnoteText>
    </foia:FootnoteText>
  </foia:OldestPendingAppealSection>
  <foia:ProcessedResponseTimeSection>
    <foia:ProcessedResponseTime s:id="PRT1">
      <foia:SimpleResponseTime>
        <foia:ResponseTimeMedianDaysValue>16.00</foia:ResponseTimeMedianDaysValue>
        <foia:ResponseTimeAverageDaysValue>42.09</foia:ResponseTimeAverageDaysValue>
        <foia:ResponseTimeLowestDaysCode>LT1</foia:ResponseTimeLowestDaysCode>
        <foia:ResponseTimeHighestDaysValue>359</foia:ResponseTimeHighestDaysValue>
      </foia:SimpleResponseTime>
      <foia:ComplexResponseTime>
        <foia:ResponseTimeMedianDaysValue>79.00</foia:ResponseTimeMedianDaysValue>
        <foia:ResponseTimeAverageDaysValue>149.45</foia:ResponseTimeAverageDaysValue>
        <foia:ResponseTimeLowestDaysValue>1</foia:ResponseTimeLowestDaysValue>
        <foia:ResponseTimeHighestDaysValue>452</foia:ResponseTimeHighestDaysValue>
      </foia:ComplexResponseTime>
      <foia:ExpeditedResponseTime>
      </foia:ExpeditedResponseTime>
    </foia:ProcessedResponseTime>
    <foia:ProcessedResponseTime s:id="PRT0">
      <foia:SimpleResponseTime>
        <foia:ResponseTimeMedianDaysValue>16.00</foia:ResponseTimeMedianDaysValue>
        <foia:ResponseTimeAverageDaysValue>42.09</foia:ResponseTimeAverageDaysValue>
        <foia:ResponseTimeLowestDaysCode>LT1</foia:ResponseTimeLowestDaysCode>
        <foia:ResponseTimeHighestDaysValue>359</foia:ResponseTimeHighestDaysValue>
      </foia:SimpleResponseTime>
      <foia:ComplexResponseTime>
        <foia:ResponseTimeMedianDaysValue>79.00</foia:ResponseTimeMedianDaysValue>
        <foia:ResponseTimeAverageDaysValue>149.45</foia:ResponseTimeAverageDaysValue>
        <foia:ResponseTimeLowestDaysValue>1</foia:ResponseTimeLowestDaysValue>
        <foia:ResponseTimeHighestDaysValue>452</foia:ResponseTimeHighestDaysValue>
      </foia:ComplexResponseTime>
      <foia:ExpeditedResponseTime>
      </foia:ExpeditedResponseTime>
    </foia:ProcessedResponseTime>
    <foia:ProcessedResponseTimeOrganizationAssociation>
      <foia:ComponentDataReference s:ref="PRT1"/>
      <nc:OrganizationReference s:ref="ORG1"/>
    </foia:ProcessedResponseTimeOrganizationAssociation>
    <foia:ProcessedResponseTimeOrganizationAssociation>
      <foia:ComponentDataReference s:ref="PRT0" />
      <nc:OrganizationReference s:ref="ORG0" />
    </foia:ProcessedResponseTimeOrganizationAssociation>
    <foia:FootnoteText>
    </foia:FootnoteText>
  </foia:ProcessedResponseTimeSection>
  <foia:InformationGrantedResponseTimeSection>
    <foia:ProcessedResponseTime s:id="IGR1">
      <foia:SimpleResponseTime>
        <foia:ResponseTimeMedianDaysValue>19.00</foia:ResponseTimeMedianDaysValue>
        <foia:ResponseTimeAverageDaysValue>51.03</foia:ResponseTimeAverageDaysValue>
        <foia:ResponseTimeLowestDaysCode>LT1</foia:ResponseTimeLowestDaysCode>
        <foia:ResponseTimeHighestDaysValue>359</foia:ResponseTimeHighestDaysValue>
      </foia:SimpleResponseTime>
      <foia:ComplexResponseTime>
        <foia:ResponseTimeMedianDaysValue>92.00</foia:ResponseTimeMedianDaysValue>
        <foia:ResponseTimeAverageDaysValue>159.69</foia:ResponseTimeAverageDaysValue>
        <foia:ResponseTimeLowestDaysValue>8</foia:ResponseTimeLowestDaysValue>
        <foia:ResponseTimeHighestDaysValue>452</foia:ResponseTimeHighestDaysValue>
      </foia:ComplexResponseTime>
      <foia:ExpeditedResponseTime>
      </foia:ExpeditedResponseTime>
    </foia:ProcessedResponseTime>
    <foia:ProcessedResponseTime s:id="IGR0">
      <foia:SimpleResponseTime>
        <foia:ResponseTimeMedianDaysValue>19.00</foia:ResponseTimeMedianDaysValue>
        <foia:ResponseTimeAverageDaysValue>51.03</foia:ResponseTimeAverageDaysValue>
        <foia:ResponseTimeLowestDaysCode>LT1</foia:ResponseTimeLowestDaysCode>
        <foia:ResponseTimeHighestDaysValue>359</foia:ResponseTimeHighestDaysValue>
      </foia:SimpleResponseTime>
      <foia:ComplexResponseTime>
        <foia:ResponseTimeMedianDaysValue>92.00</foia:ResponseTimeMedianDaysValue>
        <foia:ResponseTimeAverageDaysValue>159.69</foia:ResponseTimeAverageDaysValue>
        <foia:ResponseTimeLowestDaysValue>8</foia:ResponseTimeLowestDaysValue>
        <foia:ResponseTimeHighestDaysValue>452</foia:ResponseTimeHighestDaysValue>
      </foia:ComplexResponseTime>
      <foia:ExpeditedResponseTime>
      </foia:ExpeditedResponseTime>
    </foia:ProcessedResponseTime>
    <foia:ProcessedResponseTimeOrganizationAssociation>
      <foia:ComponentDataReference s:ref="IGR1"/>
      <nc:OrganizationReference s:ref="ORG1"/>
    </foia:ProcessedResponseTimeOrganizationAssociation>
    <foia:ProcessedResponseTimeOrganizationAssociation>
      <foia:ComponentDataReference s:ref="IGR0" />
      <nc:OrganizationReference s:ref="ORG0" />
    </foia:ProcessedResponseTimeOrganizationAssociation>
    <foia:FootnoteText>
    </foia:FootnoteText>
  </foia:InformationGrantedResponseTimeSection>
  <foia:SimpleResponseTimeIncrementsSection>
    <foia:ComponentResponseTimeIncrements s:id="SRT1">
      <foia:TimeIncrement>
        <foia:TimeIncrementCode>1-20</foia:TimeIncrementCode>
        <foia:TimeIncrementProcessedQuantity>34</foia:TimeIncrementProcessedQuantity>
      </foia:TimeIncrement>
      <foia:TimeIncrement>
        <foia:TimeIncrementCode>21-40</foia:TimeIncrementCode>
        <foia:TimeIncrementProcessedQuantity>10</foia:TimeIncrementProcessedQuantity>
      </foia:TimeIncrement>
      <foia:TimeIncrement>
        <foia:TimeIncrementCode>41-60</foia:TimeIncrementCode>
        <foia:TimeIncrementProcessedQuantity>3</foia:TimeIncrementProcessedQuantity>
      </foia:TimeIncrement>
      <foia:TimeIncrement>
        <foia:TimeIncrementCode>61-80</foia:TimeIncrementCode>
        <foia:TimeIncrementProcessedQuantity>2</foia:TimeIncrementProcessedQuantity>
      </foia:TimeIncrement>
      <foia:TimeIncrement>
        <foia:TimeIncrementCode>81-100</foia:TimeIncrementCode>
        <foia:TimeIncrementProcessedQuantity>2</foia:TimeIncrementProcessedQuantity>
      </foia:TimeIncrement>
      <foia:TimeIncrement>
        <foia:TimeIncrementCode>101-120</foia:TimeIncrementCode>
        <foia:TimeIncrementProcessedQuantity>0</foia:TimeIncrementProcessedQuantity>
      </foia:TimeIncrement>
      <foia:TimeIncrement>
        <foia:TimeIncrementCode>121-140</foia:TimeIncrementCode>
        <foia:TimeIncrementProcessedQuantity>0</foia:TimeIncrementProcessedQuantity>
      </foia:TimeIncrement>
      <foia:TimeIncrement>
        <foia:TimeIncrementCode>141-160</foia:TimeIncrementCode>
        <foia:TimeIncrementProcessedQuantity>0</foia:TimeIncrementProcessedQuantity>
      </foia:TimeIncrement>
      <foia:TimeIncrement>
        <foia:TimeIncrementCode>161-180</foia:TimeIncrementCode>
        <foia:TimeIncrementProcessedQuantity>0</foia:TimeIncrementProcessedQuantity>
      </foia:TimeIncrement>
      <foia:TimeIncrement>
        <foia:TimeIncrementCode>181-200</foia:TimeIncrementCode>
        <foia:TimeIncrementProcessedQuantity>0</foia:TimeIncrementProcessedQuantity>
      </foia:TimeIncrement>
      <foia:TimeIncrement>
        <foia:TimeIncrementCode>201-300</foia:TimeIncrementCode>
        <foia:TimeIncrementProcessedQuantity>2</foia:TimeIncrementProcessedQuantity>
      </foia:TimeIncrement>
      <foia:TimeIncrement>
        <foia:TimeIncrementCode>301-400</foia:TimeIncrementCode>
        <foia:TimeIncrementProcessedQuantity>2</foia:TimeIncrementProcessedQuantity>
      </foia:TimeIncrement>
      <foia:TimeIncrement>
        <foia:TimeIncrementCode>401+</foia:TimeIncrementCode>
        <foia:TimeIncrementProcessedQuantity>0</foia:TimeIncrementProcessedQuantity>
      </foia:TimeIncrement>
      <foia:TimeIncrementTotalQuantity>55</foia:TimeIncrementTotalQuantity>
    </foia:ComponentResponseTimeIncrements>
    <foia:ComponentResponseTimeIncrements s:id="SRT0">
      <foia:TimeIncrement>
        <foia:TimeIncrementCode>1-20</foia:TimeIncrementCode>
        <foia:TimeIncrementProcessedQuantity>34</foia:TimeIncrementProcessedQuantity>
      </foia:TimeIncrement>
      <foia:TimeIncrement>
        <foia:TimeIncrementCode>21-40</foia:TimeIncrementCode>
        <foia:TimeIncrementProcessedQuantity>10</foia:TimeIncrementProcessedQuantity>
      </foia:TimeIncrement>
      <foia:TimeIncrement>
        <foia:TimeIncrementCode>41-60</foia:TimeIncrementCode>
        <foia:TimeIncrementProcessedQuantity>3</foia:TimeIncrementProcessedQuantity>
      </foia:TimeIncrement>
      <foia:TimeIncrement>
        <foia:TimeIncrementCode>61-80</foia:TimeIncrementCode>
        <foia:TimeIncrementProcessedQuantity>2</foia:TimeIncrementProcessedQuantity>
      </foia:TimeIncrement>
      <foia:TimeIncrement>
        <foia:TimeIncrementCode>81-100</foia:TimeIncrementCode>
        <foia:TimeIncrementProcessedQuantity>2</foia:TimeIncrementProcessedQuantity>
      </foia:TimeIncrement>
      <foia:TimeIncrement>
        <foia:TimeIncrementCode>101-120</foia:TimeIncrementCode>
        <foia:TimeIncrementProcessedQuantity>0</foia:TimeIncrementProcessedQuantity>
      </foia:TimeIncrement>
      <foia:TimeIncrement>
        <foia:TimeIncrementCode>121-140</foia:TimeIncrementCode>
        <foia:TimeIncrementProcessedQuantity>0</foia:TimeIncrementProcessedQuantity>
      </foia:TimeIncrement>
      <foia:TimeIncrement>
        <foia:TimeIncrementCode>141-160</foia:TimeIncrementCode>
        <foia:TimeIncrementProcessedQuantity>0</foia:TimeIncrementProcessedQuantity>
      </foia:TimeIncrement>
      <foia:TimeIncrement>
        <foia:TimeIncrementCode>161-180</foia:TimeIncrementCode>
        <foia:TimeIncrementProcessedQuantity>0</foia:TimeIncrementProcessedQuantity>
      </foia:TimeIncrement>
      <foia:TimeIncrement>
        <foia:TimeIncrementCode>181-200</foia:TimeIncrementCode>
        <foia:TimeIncrementProcessedQuantity>0</foia:TimeIncrementProcessedQuantity>
      </foia:TimeIncrement>
      <foia:TimeIncrement>
        <foia:TimeIncrementCode>201-300</foia:TimeIncrementCode>
        <foia:TimeIncrementProcessedQuantity>2</foia:TimeIncrementProcessedQuantity>
      </foia:TimeIncrement>
      <foia:TimeIncrement>
        <foia:TimeIncrementCode>301-400</foia:TimeIncrementCode>
        <foia:TimeIncrementProcessedQuantity>2</foia:TimeIncrementProcessedQuantity>
      </foia:TimeIncrement>
      <foia:TimeIncrement>
        <foia:TimeIncrementCode>401+</foia:TimeIncrementCode>
        <foia:TimeIncrementProcessedQuantity>0</foia:TimeIncrementProcessedQuantity>
      </foia:TimeIncrement>
      <foia:TimeIncrementTotalQuantity>55</foia:TimeIncrementTotalQuantity>
    </foia:ComponentResponseTimeIncrements>
    <foia:ResponseTimeIncrementsOrganizationAssociation>
      <foia:ComponentDataReference s:ref="SRT1"/>
      <nc:OrganizationReference s:ref="ORG1"/>
    </foia:ResponseTimeIncrementsOrganizationAssociation>
    <foia:ResponseTimeIncrementsOrganizationAssociation>
      <foia:ComponentDataReference s:ref="SRT0" />
      <nc:OrganizationReference s:ref="ORG0" />
    </foia:ResponseTimeIncrementsOrganizationAssociation>
    <foia:FootnoteText>
    </foia:FootnoteText>
  </foia:SimpleResponseTimeIncrementsSection>
  <foia:ComplexResponseTimeIncrementsSection>
    <foia:ComponentResponseTimeIncrements s:id="CRT1">
      <foia:TimeIncrement>
        <foia:TimeIncrementCode>1-20</foia:TimeIncrementCode>
        <foia:TimeIncrementProcessedQuantity>5</foia:TimeIncrementProcessedQuantity>
      </foia:TimeIncrement>
      <foia:TimeIncrement>
        <foia:TimeIncrementCode>21-40</foia:TimeIncrementCode>
        <foia:TimeIncrementProcessedQuantity>3</foia:TimeIncrementProcessedQuantity>
      </foia:TimeIncrement>
      <foia:TimeIncrement>
        <foia:TimeIncrementCode>41-60</foia:TimeIncrementCode>
        <foia:TimeIncrementProcessedQuantity>7</foia:TimeIncrementProcessedQuantity>
      </foia:TimeIncrement>
      <foia:TimeIncrement>
        <foia:TimeIncrementCode>61-80</foia:TimeIncrementCode>
        <foia:TimeIncrementProcessedQuantity>5</foia:TimeIncrementProcessedQuantity>
      </foia:TimeIncrement>
      <foia:TimeIncrement>
        <foia:TimeIncrementCode>81-100</foia:TimeIncrementCode>
        <foia:TimeIncrementProcessedQuantity>3</foia:TimeIncrementProcessedQuantity>
      </foia:TimeIncrement>
      <foia:TimeIncrement>
        <foia:TimeIncrementCode>101-120</foia:TimeIncrementCode>
        <foia:TimeIncrementProcessedQuantity>1</foia:TimeIncrementProcessedQuantity>
      </foia:TimeIncrement>
      <foia:TimeIncrement>
        <foia:TimeIncrementCode>121-140</foia:TimeIncrementCode>
        <foia:TimeIncrementProcessedQuantity>0</foia:TimeIncrementProcessedQuantity>
      </foia:TimeIncrement>
      <foia:TimeIncrement>
        <foia:TimeIncrementCode>141-160</foia:TimeIncrementCode>
        <foia:TimeIncrementProcessedQuantity>2</foia:TimeIncrementProcessedQuantity>
      </foia:TimeIncrement>
      <foia:TimeIncrement>
        <foia:TimeIncrementCode>161-180</foia:TimeIncrementCode>
        <foia:TimeIncrementProcessedQuantity>0</foia:TimeIncrementProcessedQuantity>
      </foia:TimeIncrement>
      <foia:TimeIncrement>
        <foia:TimeIncrementCode>181-200</foia:TimeIncrementCode>
        <foia:TimeIncrementProcessedQuantity>0</foia:TimeIncrementProcessedQuantity>
      </foia:TimeIncrement>
      <foia:TimeIncrement>
        <foia:TimeIncrementCode>201-300</foia:TimeIncrementCode>
        <foia:TimeIncrementProcessedQuantity>7</foia:TimeIncrementProcessedQuantity>
      </foia:TimeIncrement>
      <foia:TimeIncrement>
        <foia:TimeIncrementCode>301-400</foia:TimeIncrementCode>
        <foia:TimeIncrementProcessedQuantity>4</foia:TimeIncrementProcessedQuantity>
      </foia:TimeIncrement>
      <foia:TimeIncrement>
        <foia:TimeIncrementCode>401+</foia:TimeIncrementCode>
        <foia:TimeIncrementProcessedQuantity>3</foia:TimeIncrementProcessedQuantity>
      </foia:TimeIncrement>
      <foia:TimeIncrementTotalQuantity>40</foia:TimeIncrementTotalQuantity>
    </foia:ComponentResponseTimeIncrements>
    <foia:ComponentResponseTimeIncrements s:id="CRT0">
      <foia:TimeIncrement>
        <foia:TimeIncrementCode>1-20</foia:TimeIncrementCode>
        <foia:TimeIncrementProcessedQuantity>5</foia:TimeIncrementProcessedQuantity>
      </foia:TimeIncrement>
      <foia:TimeIncrement>
        <foia:TimeIncrementCode>21-40</foia:TimeIncrementCode>
        <foia:TimeIncrementProcessedQuantity>3</foia:TimeIncrementProcessedQuantity>
      </foia:TimeIncrement>
      <foia:TimeIncrement>
        <foia:TimeIncrementCode>41-60</foia:TimeIncrementCode>
        <foia:TimeIncrementProcessedQuantity>7</foia:TimeIncrementProcessedQuantity>
      </foia:TimeIncrement>
      <foia:TimeIncrement>
        <foia:TimeIncrementCode>61-80</foia:TimeIncrementCode>
        <foia:TimeIncrementProcessedQuantity>5</foia:TimeIncrementProcessedQuantity>
      </foia:TimeIncrement>
      <foia:TimeIncrement>
        <foia:TimeIncrementCode>81-100</foia:TimeIncrementCode>
        <foia:TimeIncrementProcessedQuantity>3</foia:TimeIncrementProcessedQuantity>
      </foia:TimeIncrement>
      <foia:TimeIncrement>
        <foia:TimeIncrementCode>101-120</foia:TimeIncrementCode>
        <foia:TimeIncrementProcessedQuantity>1</foia:TimeIncrementProcessedQuantity>
      </foia:TimeIncrement>
      <foia:TimeIncrement>
        <foia:TimeIncrementCode>121-140</foia:TimeIncrementCode>
        <foia:TimeIncrementProcessedQuantity>0</foia:TimeIncrementProcessedQuantity>
      </foia:TimeIncrement>
      <foia:TimeIncrement>
        <foia:TimeIncrementCode>141-160</foia:TimeIncrementCode>
        <foia:TimeIncrementProcessedQuantity>2</foia:TimeIncrementProcessedQuantity>
      </foia:TimeIncrement>
      <foia:TimeIncrement>
        <foia:TimeIncrementCode>161-180</foia:TimeIncrementCode>
        <foia:TimeIncrementProcessedQuantity>0</foia:TimeIncrementProcessedQuantity>
      </foia:TimeIncrement>
      <foia:TimeIncrement>
        <foia:TimeIncrementCode>181-200</foia:TimeIncrementCode>
        <foia:TimeIncrementProcessedQuantity>0</foia:TimeIncrementProcessedQuantity>
      </foia:TimeIncrement>
      <foia:TimeIncrement>
        <foia:TimeIncrementCode>201-300</foia:TimeIncrementCode>
        <foia:TimeIncrementProcessedQuantity>7</foia:TimeIncrementProcessedQuantity>
      </foia:TimeIncrement>
      <foia:TimeIncrement>
        <foia:TimeIncrementCode>301-400</foia:TimeIncrementCode>
        <foia:TimeIncrementProcessedQuantity>4</foia:TimeIncrementProcessedQuantity>
      </foia:TimeIncrement>
      <foia:TimeIncrement>
        <foia:TimeIncrementCode>401+</foia:TimeIncrementCode>
        <foia:TimeIncrementProcessedQuantity>3</foia:TimeIncrementProcessedQuantity>
      </foia:TimeIncrement>
      <foia:TimeIncrementTotalQuantity>40</foia:TimeIncrementTotalQuantity>
    </foia:ComponentResponseTimeIncrements>
    <foia:ResponseTimeIncrementsOrganizationAssociation>
      <foia:ComponentDataReference s:ref="CRT1"/>
      <nc:OrganizationReference s:ref="ORG1"/>
    </foia:ResponseTimeIncrementsOrganizationAssociation>
    <foia:ResponseTimeIncrementsOrganizationAssociation>
      <foia:ComponentDataReference s:ref="CRT0" />
      <nc:OrganizationReference s:ref="ORG0" />
    </foia:ResponseTimeIncrementsOrganizationAssociation>
    <foia:FootnoteText>
    </foia:FootnoteText>
  </foia:ComplexResponseTimeIncrementsSection>
  <foia:ExpeditedResponseTimeIncrementsSection>
    <foia:ComponentResponseTimeIncrements s:id="ERT1">
      <foia:TimeIncrement>
        <foia:TimeIncrementCode>1-20</foia:TimeIncrementCode>
        <foia:TimeIncrementProcessedQuantity>0</foia:TimeIncrementProcessedQuantity>
      </foia:TimeIncrement>
      <foia:TimeIncrement>
        <foia:TimeIncrementCode>21-40</foia:TimeIncrementCode>
        <foia:TimeIncrementProcessedQuantity>0</foia:TimeIncrementProcessedQuantity>
      </foia:TimeIncrement>
      <foia:TimeIncrement>
        <foia:TimeIncrementCode>41-60</foia:TimeIncrementCode>
        <foia:TimeIncrementProcessedQuantity>0</foia:TimeIncrementProcessedQuantity>
      </foia:TimeIncrement>
      <foia:TimeIncrement>
        <foia:TimeIncrementCode>61-80</foia:TimeIncrementCode>
        <foia:TimeIncrementProcessedQuantity>0</foia:TimeIncrementProcessedQuantity>
      </foia:TimeIncrement>
      <foia:TimeIncrement>
        <foia:TimeIncrementCode>81-100</foia:TimeIncrementCode>
        <foia:TimeIncrementProcessedQuantity>0</foia:TimeIncrementProcessedQuantity>
      </foia:TimeIncrement>
      <foia:TimeIncrement>
        <foia:TimeIncrementCode>101-120</foia:TimeIncrementCode>
        <foia:TimeIncrementProcessedQuantity>0</foia:TimeIncrementProcessedQuantity>
      </foia:TimeIncrement>
      <foia:TimeIncrement>
        <foia:TimeIncrementCode>121-140</foia:TimeIncrementCode>
        <foia:TimeIncrementProcessedQuantity>0</foia:TimeIncrementProcessedQuantity>
      </foia:TimeIncrement>
      <foia:TimeIncrement>
        <foia:TimeIncrementCode>141-160</foia:TimeIncrementCode>
        <foia:TimeIncrementProcessedQuantity>0</foia:TimeIncrementProcessedQuantity>
      </foia:TimeIncrement>
      <foia:TimeIncrement>
        <foia:TimeIncrementCode>161-180</foia:TimeIncrementCode>
        <foia:TimeIncrementProcessedQuantity>0</foia:TimeIncrementProcessedQuantity>
      </foia:TimeIncrement>
      <foia:TimeIncrement>
        <foia:TimeIncrementCode>181-200</foia:TimeIncrementCode>
        <foia:TimeIncrementProcessedQuantity>0</foia:TimeIncrementProcessedQuantity>
      </foia:TimeIncrement>
      <foia:TimeIncrement>
        <foia:TimeIncrementCode>201-300</foia:TimeIncrementCode>
        <foia:TimeIncrementProcessedQuantity>0</foia:TimeIncrementProcessedQuantity>
      </foia:TimeIncrement>
      <foia:TimeIncrement>
        <foia:TimeIncrementCode>301-400</foia:TimeIncrementCode>
        <foia:TimeIncrementProcessedQuantity>0</foia:TimeIncrementProcessedQuantity>
      </foia:TimeIncrement>
      <foia:TimeIncrement>
        <foia:TimeIncrementCode>401+</foia:TimeIncrementCode>
        <foia:TimeIncrementProcessedQuantity>0</foia:TimeIncrementProcessedQuantity>
      </foia:TimeIncrement>
      <foia:TimeIncrementTotalQuantity>0</foia:TimeIncrementTotalQuantity>
    </foia:ComponentResponseTimeIncrements>
    <foia:ComponentResponseTimeIncrements s:id="ERT0">
      <foia:TimeIncrement>
        <foia:TimeIncrementCode>1-20</foia:TimeIncrementCode>
        <foia:TimeIncrementProcessedQuantity>0</foia:TimeIncrementProcessedQuantity>
      </foia:TimeIncrement>
      <foia:TimeIncrement>
        <foia:TimeIncrementCode>21-40</foia:TimeIncrementCode>
        <foia:TimeIncrementProcessedQuantity>0</foia:TimeIncrementProcessedQuantity>
      </foia:TimeIncrement>
      <foia:TimeIncrement>
        <foia:TimeIncrementCode>41-60</foia:TimeIncrementCode>
        <foia:TimeIncrementProcessedQuantity>0</foia:TimeIncrementProcessedQuantity>
      </foia:TimeIncrement>
      <foia:TimeIncrement>
        <foia:TimeIncrementCode>61-80</foia:TimeIncrementCode>
        <foia:TimeIncrementProcessedQuantity>0</foia:TimeIncrementProcessedQuantity>
      </foia:TimeIncrement>
      <foia:TimeIncrement>
        <foia:TimeIncrementCode>81-100</foia:TimeIncrementCode>
        <foia:TimeIncrementProcessedQuantity>0</foia:TimeIncrementProcessedQuantity>
      </foia:TimeIncrement>
      <foia:TimeIncrement>
        <foia:TimeIncrementCode>101-120</foia:TimeIncrementCode>
        <foia:TimeIncrementProcessedQuantity>0</foia:TimeIncrementProcessedQuantity>
      </foia:TimeIncrement>
      <foia:TimeIncrement>
        <foia:TimeIncrementCode>121-140</foia:TimeIncrementCode>
        <foia:TimeIncrementProcessedQuantity>0</foia:TimeIncrementProcessedQuantity>
      </foia:TimeIncrement>
      <foia:TimeIncrement>
        <foia:TimeIncrementCode>141-160</foia:TimeIncrementCode>
        <foia:TimeIncrementProcessedQuantity>0</foia:TimeIncrementProcessedQuantity>
      </foia:TimeIncrement>
      <foia:TimeIncrement>
        <foia:TimeIncrementCode>161-180</foia:TimeIncrementCode>
        <foia:TimeIncrementProcessedQuantity>0</foia:TimeIncrementProcessedQuantity>
      </foia:TimeIncrement>
      <foia:TimeIncrement>
        <foia:TimeIncrementCode>181-200</foia:TimeIncrementCode>
        <foia:TimeIncrementProcessedQuantity>0</foia:TimeIncrementProcessedQuantity>
      </foia:TimeIncrement>
      <foia:TimeIncrement>
        <foia:TimeIncrementCode>201-300</foia:TimeIncrementCode>
        <foia:TimeIncrementProcessedQuantity>0</foia:TimeIncrementProcessedQuantity>
      </foia:TimeIncrement>
      <foia:TimeIncrement>
        <foia:TimeIncrementCode>301-400</foia:TimeIncrementCode>
        <foia:TimeIncrementProcessedQuantity>0</foia:TimeIncrementProcessedQuantity>
      </foia:TimeIncrement>
      <foia:TimeIncrement>
        <foia:TimeIncrementCode>401+</foia:TimeIncrementCode>
        <foia:TimeIncrementProcessedQuantity>0</foia:TimeIncrementProcessedQuantity>
      </foia:TimeIncrement>
      <foia:TimeIncrementTotalQuantity>0</foia:TimeIncrementTotalQuantity>
    </foia:ComponentResponseTimeIncrements>
    <foia:ResponseTimeIncrementsOrganizationAssociation>
      <foia:ComponentDataReference s:ref="ERT1"/>
      <nc:OrganizationReference s:ref="ORG1"/>
    </foia:ResponseTimeIncrementsOrganizationAssociation>
    <foia:ResponseTimeIncrementsOrganizationAssociation>
      <foia:ComponentDataReference s:ref="ERT0" />
      <nc:OrganizationReference s:ref="ORG0" />
    </foia:ResponseTimeIncrementsOrganizationAssociation>
    <foia:FootnoteText>
    </foia:FootnoteText>
  </foia:ExpeditedResponseTimeIncrementsSection>
  <foia:PendingPerfectedRequestsSection>
    <foia:PendingPerfectedRequests s:id="PPR1">
      <foia:SimplePendingRequestStatistics>
        <foia:PendingRequestQuantity>19</foia:PendingRequestQuantity>
        <foia:PendingRequestMedianDaysValue>27</foia:PendingRequestMedianDaysValue>
        <foia:PendingRequestAverageDaysValue>65</foia:PendingRequestAverageDaysValue>
      </foia:SimplePendingRequestStatistics>
      <foia:ComplexPendingRequestStatistics>
        <foia:PendingRequestQuantity>177</foia:PendingRequestQuantity>
        <foia:PendingRequestMedianDaysValue>246</foia:PendingRequestMedianDaysValue>
        <foia:PendingRequestAverageDaysValue>246</foia:PendingRequestAverageDaysValue>
      </foia:ComplexPendingRequestStatistics>
      <foia:ExpeditedPendingRequestStatistics>
        <foia:PendingRequestQuantity>0</foia:PendingRequestQuantity>
        <foia:PendingRequestMedianDaysValue>0</foia:PendingRequestMedianDaysValue>
        <foia:PendingRequestAverageDaysValue>0</foia:PendingRequestAverageDaysValue>
      </foia:ExpeditedPendingRequestStatistics>
    </foia:PendingPerfectedRequests>
    <foia:PendingPerfectedRequests s:id="PPR0">
      <foia:SimplePendingRequestStatistics>
        <foia:PendingRequestQuantity>19</foia:PendingRequestQuantity>
        <foia:PendingRequestMedianDaysValue>27</foia:PendingRequestMedianDaysValue>
        <foia:PendingRequestAverageDaysValue>65</foia:PendingRequestAverageDaysValue>
      </foia:SimplePendingRequestStatistics>
      <foia:ComplexPendingRequestStatistics>
        <foia:PendingRequestQuantity>177</foia:PendingRequestQuantity>
        <foia:PendingRequestMedianDaysValue>246</foia:PendingRequestMedianDaysValue>
        <foia:PendingRequestAverageDaysValue>246</foia:PendingRequestAverageDaysValue>
      </foia:ComplexPendingRequestStatistics>
      <foia:ExpeditedPendingRequestStatistics>
        <foia:PendingRequestQuantity>0</foia:PendingRequestQuantity>
        <foia:PendingRequestMedianDaysValue>0</foia:PendingRequestMedianDaysValue>
        <foia:PendingRequestAverageDaysValue>0</foia:PendingRequestAverageDaysValue>
      </foia:ExpeditedPendingRequestStatistics>
    </foia:PendingPerfectedRequests>
    <foia:PendingPerfectedRequestsOrganizationAssociation>
      <foia:ComponentDataReference s:ref="PPR1"/>
      <nc:OrganizationReference s:ref="ORG1"/>
    </foia:PendingPerfectedRequestsOrganizationAssociation>
    <foia:PendingPerfectedRequestsOrganizationAssociation>
      <foia:ComponentDataReference s:ref="PPR0" />
      <nc:OrganizationReference s:ref="ORG0" />
    </foia:PendingPerfectedRequestsOrganizationAssociation>
    <foia:FootnoteText>
    </foia:FootnoteText>
  </foia:PendingPerfectedRequestsSection>
  <foia:OldestPendingRequestSection>
    <foia:OldestPendingItems s:id="OPR1">
      <foia:OldItem>
        <foia:OldItemReceiptDate>2018-01-29</foia:OldItemReceiptDate>
        <foia:OldItemPendingDaysQuantity>542</foia:OldItemPendingDaysQuantity>
      </foia:OldItem>
      <foia:OldItem>
        <foia:OldItemReceiptDate>2018-01-30</foia:OldItemReceiptDate>
        <foia:OldItemPendingDaysQuantity>541</foia:OldItemPendingDaysQuantity>
      </foia:OldItem>
      <foia:OldItem>
        <foia:OldItemReceiptDate>2018-02-05</foia:OldItemReceiptDate>
        <foia:OldItemPendingDaysQuantity>537</foia:OldItemPendingDaysQuantity>
      </foia:OldItem>
      <foia:OldItem>
        <foia:OldItemReceiptDate>2018-02-06</foia:OldItemReceiptDate>
        <foia:OldItemPendingDaysQuantity>536</foia:OldItemPendingDaysQuantity>
      </foia:OldItem>
      <foia:OldItem>
        <foia:OldItemReceiptDate>2018-02-08</foia:OldItemReceiptDate>
        <foia:OldItemPendingDaysQuantity>534</foia:OldItemPendingDaysQuantity>
      </foia:OldItem>
      <foia:OldItem>
        <foia:OldItemReceiptDate>2018-02-26</foia:OldItemReceiptDate>
        <foia:OldItemPendingDaysQuantity>523</foia:OldItemPendingDaysQuantity>
      </foia:OldItem>
      <foia:OldItem>
        <foia:OldItemReceiptDate>2018-03-02</foia:OldItemReceiptDate>
        <foia:OldItemPendingDaysQuantity>519</foia:OldItemPendingDaysQuantity>
      </foia:OldItem>
      <foia:OldItem>
        <foia:OldItemReceiptDate>2018-03-02</foia:OldItemReceiptDate>
        <foia:OldItemPendingDaysQuantity>519</foia:OldItemPendingDaysQuantity>
      </foia:OldItem>
      <foia:OldItem>
        <foia:OldItemReceiptDate>2018-03-02</foia:OldItemReceiptDate>
        <foia:OldItemPendingDaysQuantity>519</foia:OldItemPendingDaysQuantity>
      </foia:OldItem>
      <foia:OldItem>
        <foia:OldItemReceiptDate>2018-03-13</foia:OldItemReceiptDate>
        <foia:OldItemPendingDaysQuantity>512</foia:OldItemPendingDaysQuantity>
      </foia:OldItem>
    </foia:OldestPendingItems>
    <foia:OldestPendingItems s:id="OPR0">
      <foia:OldItem>
        <foia:OldItemReceiptDate>2018-01-29</foia:OldItemReceiptDate>
        <foia:OldItemPendingDaysQuantity>542</foia:OldItemPendingDaysQuantity>
      </foia:OldItem>
      <foia:OldItem>
        <foia:OldItemReceiptDate>2018-01-30</foia:OldItemReceiptDate>
        <foia:OldItemPendingDaysQuantity>541</foia:OldItemPendingDaysQuantity>
      </foia:OldItem>
      <foia:OldItem>
        <foia:OldItemReceiptDate>2018-02-05</foia:OldItemReceiptDate>
        <foia:OldItemPendingDaysQuantity>537</foia:OldItemPendingDaysQuantity>
      </foia:OldItem>
      <foia:OldItem>
        <foia:OldItemReceiptDate>2018-02-06</foia:OldItemReceiptDate>
        <foia:OldItemPendingDaysQuantity>536</foia:OldItemPendingDaysQuantity>
      </foia:OldItem>
      <foia:OldItem>
        <foia:OldItemReceiptDate>2018-02-08</foia:OldItemReceiptDate>
        <foia:OldItemPendingDaysQuantity>534</foia:OldItemPendingDaysQuantity>
      </foia:OldItem>
      <foia:OldItem>
        <foia:OldItemReceiptDate>2018-02-26</foia:OldItemReceiptDate>
        <foia:OldItemPendingDaysQuantity>523</foia:OldItemPendingDaysQuantity>
      </foia:OldItem>
      <foia:OldItem>
        <foia:OldItemReceiptDate>2018-03-02</foia:OldItemReceiptDate>
        <foia:OldItemPendingDaysQuantity>519</foia:OldItemPendingDaysQuantity>
      </foia:OldItem>
      <foia:OldItem>
        <foia:OldItemReceiptDate>2018-03-02</foia:OldItemReceiptDate>
        <foia:OldItemPendingDaysQuantity>519</foia:OldItemPendingDaysQuantity>
      </foia:OldItem>
      <foia:OldItem>
        <foia:OldItemReceiptDate>2018-03-02</foia:OldItemReceiptDate>
        <foia:OldItemPendingDaysQuantity>519</foia:OldItemPendingDaysQuantity>
      </foia:OldItem>
      <foia:OldItem>
        <foia:OldItemReceiptDate>2018-03-13</foia:OldItemReceiptDate>
        <foia:OldItemPendingDaysQuantity>512</foia:OldItemPendingDaysQuantity>
      </foia:OldItem>
    </foia:OldestPendingItems>
    <foia:OldestPendingItemsOrganizationAssociation>
      <foia:ComponentDataReference s:ref="OPR1"/>
      <nc:OrganizationReference s:ref="ORG1"/>
    </foia:OldestPendingItemsOrganizationAssociation>
    <foia:OldestPendingItemsOrganizationAssociation>
      <foia:ComponentDataReference s:ref="OPR0" />
      <nc:OrganizationReference s:ref="ORG0" />
    </foia:OldestPendingItemsOrganizationAssociation>
    <foia:FootnoteText>
    </foia:FootnoteText>
  </foia:OldestPendingRequestSection>
  <foia:ExpeditedProcessingSection>
    <foia:ExpeditedProcessing s:id="EP1">
      <foia:RequestGrantedQuantity>0</foia:RequestGrantedQuantity>
      <foia:RequestDeniedQuantity>2</foia:RequestDeniedQuantity>
      <foia:AdjudicationMedianDaysValue>0</foia:AdjudicationMedianDaysValue>
      <foia:AdjudicationAverageDaysValue>0</foia:AdjudicationAverageDaysValue>
      <foia:AdjudicationWithinTenDaysQuantity>2</foia:AdjudicationWithinTenDaysQuantity>
    </foia:ExpeditedProcessing>
    <foia:ExpeditedProcessing s:id="EP0">
      <foia:RequestGrantedQuantity>0</foia:RequestGrantedQuantity>
      <foia:RequestDeniedQuantity>2</foia:RequestDeniedQuantity>
      <foia:AdjudicationMedianDaysValue>0</foia:AdjudicationMedianDaysValue>
      <foia:AdjudicationAverageDaysValue>0</foia:AdjudicationAverageDaysValue>
      <foia:AdjudicationWithinTenDaysQuantity>2</foia:AdjudicationWithinTenDaysQuantity>
    </foia:ExpeditedProcessing>
    <foia:ExpeditedProcessingOrganizationAssociation>
      <foia:ComponentDataReference s:ref="EP1"/>
      <nc:OrganizationReference s:ref="ORG1"/>
    </foia:ExpeditedProcessingOrganizationAssociation>
    <foia:ExpeditedProcessingOrganizationAssociation>
      <foia:ComponentDataReference s:ref="EP0" />
      <nc:OrganizationReference s:ref="ORG0" />
    </foia:ExpeditedProcessingOrganizationAssociation>
    <foia:FootnoteText>
    </foia:FootnoteText>
  </foia:ExpeditedProcessingSection>
  <foia:FeeWaiverSection>
    <foia:FeeWaiver s:id="FW1">
      <foia:RequestGrantedQuantity>0</foia:RequestGrantedQuantity>
      <foia:RequestDeniedQuantity>0</foia:RequestDeniedQuantity>
      <foia:AdjudicationMedianDaysValue>0</foia:AdjudicationMedianDaysValue>
      <foia:AdjudicationAverageDaysValue>0</foia:AdjudicationAverageDaysValue>
    </foia:FeeWaiver>
    <foia:FeeWaiver s:id="FW0">
      <foia:RequestGrantedQuantity>0</foia:RequestGrantedQuantity>
      <foia:RequestDeniedQuantity>0</foia:RequestDeniedQuantity>
      <foia:AdjudicationMedianDaysValue>0</foia:AdjudicationMedianDaysValue>
      <foia:AdjudicationAverageDaysValue>0</foia:AdjudicationAverageDaysValue>
    </foia:FeeWaiver>
    <foia:FeeWaiverOrganizationAssociation>
      <foia:ComponentDataReference s:ref="FW1"/>
      <nc:OrganizationReference s:ref="ORG1"/>
    </foia:FeeWaiverOrganizationAssociation>
    <foia:FeeWaiverOrganizationAssociation>
      <foia:ComponentDataReference s:ref="FW0" />
      <nc:OrganizationReference s:ref="ORG0" />
    </foia:FeeWaiverOrganizationAssociation>
    <foia:FootnoteText>
    </foia:FootnoteText>
  </foia:FeeWaiverSection>
  <foia:PersonnelAndCostSection>
    <foia:PersonnelAndCost s:id="PC1">
      <foia:FullTimeEmployeeQuantity>10.00</foia:FullTimeEmployeeQuantity>
      <foia:EquivalentFullTimeEmployeeQuantity>16.86</foia:EquivalentFullTimeEmployeeQuantity>
      <foia:TotalFullTimeStaffQuantity>26.86</foia:TotalFullTimeStaffQuantity>
      <foia:ProcessingCostAmount>0</foia:ProcessingCostAmount>
      <foia:LitigationCostAmount>0</foia:LitigationCostAmount>
      <foia:TotalCostAmount>0</foia:TotalCostAmount>
    </foia:PersonnelAndCost>
    <foia:PersonnelAndCost s:id="PC0">
      <foia:FullTimeEmployeeQuantity>10.00</foia:FullTimeEmployeeQuantity>
      <foia:EquivalentFullTimeEmployeeQuantity>16.86</foia:EquivalentFullTimeEmployeeQuantity>
      <foia:TotalFullTimeStaffQuantity>26.86</foia:TotalFullTimeStaffQuantity>
      <foia:ProcessingCostAmount>0</foia:ProcessingCostAmount>
      <foia:LitigationCostAmount>0</foia:LitigationCostAmount>
      <foia:TotalCostAmount>0</foia:TotalCostAmount>
    </foia:PersonnelAndCost>
    <foia:PersonnelAndCostOrganizationAssociation>
      <foia:ComponentDataReference s:ref="PC1"/>
      <nc:OrganizationReference s:ref="ORG1"/>
    </foia:PersonnelAndCostOrganizationAssociation>
    <foia:PersonnelAndCostOrganizationAssociation>
      <foia:ComponentDataReference s:ref="PC0" />
      <nc:OrganizationReference s:ref="ORG0" />
    </foia:PersonnelAndCostOrganizationAssociation>
    <foia:FootnoteText>
    </foia:FootnoteText>
  </foia:PersonnelAndCostSection>
  <foia:FeesCollectedSection>
    <foia:FeesCollected s:id="FC1">
      <foia:FeesCollectedAmount>0</foia:FeesCollectedAmount>
      <foia:FeesCollectedCostPercent>0</foia:FeesCollectedCostPercent>
    </foia:FeesCollected>
    <foia:FeesCollected s:id="FC0">
      <foia:FeesCollectedAmount>0</foia:FeesCollectedAmount>
      <foia:FeesCollectedCostPercent>0</foia:FeesCollectedCostPercent>
    </foia:FeesCollected>
    <foia:FeesCollectedOrganizationAssociation>
      <foia:ComponentDataReference s:ref="FC1"/>
      <nc:OrganizationReference s:ref="ORG1"/>
    </foia:FeesCollectedOrganizationAssociation>
    <foia:FeesCollectedOrganizationAssociation>
      <foia:ComponentDataReference s:ref="FC0" />
      <nc:OrganizationReference s:ref="ORG0" />
    </foia:FeesCollectedOrganizationAssociation>
    <foia:FootnoteText>
    </foia:FootnoteText>
  </foia:FeesCollectedSection>
  <foia:BacklogSection>
    <foia:Backlog s:id="BK1">
      <foia:BackloggedRequestQuantity>183</foia:BackloggedRequestQuantity>
      <foia:BackloggedAppealQuantity>0</foia:BackloggedAppealQuantity>
    </foia:Backlog>
    <foia:Backlog s:id="BK0">
      <foia:BackloggedRequestQuantity>183</foia:BackloggedRequestQuantity>
      <foia:BackloggedAppealQuantity>0</foia:BackloggedAppealQuantity>
    </foia:Backlog>
    <foia:BacklogOrganizationAssociation>
      <foia:ComponentDataReference s:ref="BK1"/>
      <nc:OrganizationReference s:ref="ORG1"/>
    </foia:BacklogOrganizationAssociation>
    <foia:BacklogOrganizationAssociation>
      <foia:ComponentDataReference s:ref="BK0" />
      <nc:OrganizationReference s:ref="ORG0" />
    </foia:BacklogOrganizationAssociation>
    <foia:FootnoteText>
    </foia:FootnoteText>
  </foia:BacklogSection>
  <foia:ProcessedConsultationSection>
    <foia:ProcessingStatistics s:id="PCN1">
      <foia:ProcessingStatisticsPendingAtStartQuantity>1</foia:ProcessingStatisticsPendingAtStartQuantity>
      <foia:ProcessingStatisticsReceivedQuantity>3</foia:ProcessingStatisticsReceivedQuantity>
      <foia:ProcessingStatisticsProcessedQuantity>3</foia:ProcessingStatisticsProcessedQuantity>
      <foia:ProcessingStatisticsPendingAtEndQuantity>1</foia:ProcessingStatisticsPendingAtEndQuantity>
    </foia:ProcessingStatistics>
    <foia:ProcessingStatistics s:id="PCN0">
      <foia:ProcessingStatisticsPendingAtStartQuantity>1</foia:ProcessingStatisticsPendingAtStartQuantity>
      <foia:ProcessingStatisticsReceivedQuantity>3</foia:ProcessingStatisticsReceivedQuantity>
      <foia:ProcessingStatisticsProcessedQuantity>3</foia:ProcessingStatisticsProcessedQuantity>
      <foia:ProcessingStatisticsPendingAtEndQuantity>1</foia:ProcessingStatisticsPendingAtEndQuantity>
    </foia:ProcessingStatistics>
    <foia:ProcessingStatisticsOrganizationAssociation>
      <foia:ComponentDataReference s:ref="PCN1"/>
      <nc:OrganizationReference s:ref="ORG1"/>
    </foia:ProcessingStatisticsOrganizationAssociation>
    <foia:ProcessingStatisticsOrganizationAssociation>
      <foia:ComponentDataReference s:ref="PCN0" />
      <nc:OrganizationReference s:ref="ORG0" />
    </foia:ProcessingStatisticsOrganizationAssociation>
    <foia:FootnoteText>
    </foia:FootnoteText>
  </foia:ProcessedConsultationSection>
  <foia:OldestPendingConsultationSection>
    <foia:OldestPendingItems s:id="OPC1">
      <foia:OldItem>
        <foia:OldItemReceiptDate>2020-03-31</foia:OldItemReceiptDate>
        <foia:OldItemPendingDaysQuantity>0</foia:OldItemPendingDaysQuantity>
      </foia:OldItem>
    </foia:OldestPendingItems>
    <foia:OldestPendingItems s:id="OPC0">
      <foia:OldItem>
        <foia:OldItemReceiptDate>2020-03-31</foia:OldItemReceiptDate>
        <foia:OldItemPendingDaysQuantity>0</foia:OldItemPendingDaysQuantity>
      </foia:OldItem>
    </foia:OldestPendingItems>
    <foia:OldestPendingItemsOrganizationAssociation>
      <foia:ComponentDataReference s:ref="OPC1"/>
      <nc:OrganizationReference s:ref="ORG1"/>
    </foia:OldestPendingItemsOrganizationAssociation>
    <foia:OldestPendingItemsOrganizationAssociation>
      <foia:ComponentDataReference s:ref="OPC0" />
      <nc:OrganizationReference s:ref="ORG0" />
    </foia:OldestPendingItemsOrganizationAssociation>
    <foia:FootnoteText>
    </foia:FootnoteText>
  </foia:OldestPendingConsultationSection>
  <foia:ProcessedRequestComparisonSection>
    <foia:ProcessingComparison s:id="RPC1">
      <foia:ItemsReceivedLastYearQuantity>215</foia:ItemsReceivedLastYearQuantity>
      <foia:ItemsReceivedCurrentYearQuantity>80</foia:ItemsReceivedCurrentYearQuantity>
      <foia:ItemsProcessedLastYearQuantity>93</foia:ItemsProcessedLastYearQuantity>
      <foia:ItemsProcessedCurrentYearQuantity>97</foia:ItemsProcessedCurrentYearQuantity>
    </foia:ProcessingComparison>
    <foia:ProcessingComparison s:id="RPC0">
      <foia:ItemsReceivedLastYearQuantity>215</foia:ItemsReceivedLastYearQuantity>
      <foia:ItemsReceivedCurrentYearQuantity>80</foia:ItemsReceivedCurrentYearQuantity>
      <foia:ItemsProcessedLastYearQuantity>93</foia:ItemsProcessedLastYearQuantity>
      <foia:ItemsProcessedCurrentYearQuantity>97</foia:ItemsProcessedCurrentYearQuantity>
    </foia:ProcessingComparison>
    <foia:ProcessingComparisonOrganizationAssociation>
      <foia:ComponentDataReference s:ref="RPC1"/>
      <nc:OrganizationReference s:ref="ORG1"/>
    </foia:ProcessingComparisonOrganizationAssociation>
    <foia:ProcessingComparisonOrganizationAssociation>
      <foia:ComponentDataReference s:ref="RPC0" />
      <nc:OrganizationReference s:ref="ORG0" />
    </foia:ProcessingComparisonOrganizationAssociation>
    <foia:FootnoteText>
    </foia:FootnoteText>
  </foia:ProcessedRequestComparisonSection>
  <foia:BackloggedRequestComparisonSection>
    <foia:BacklogComparison s:id="RBC1">
      <foia:BacklogLastYearQuantity>191</foia:BacklogLastYearQuantity>
      <foia:BacklogCurrentYearQuantity>183</foia:BacklogCurrentYearQuantity>
    </foia:BacklogComparison>
    <foia:BacklogComparison s:id="RBC0">
      <foia:BacklogLastYearQuantity>191</foia:BacklogLastYearQuantity>
      <foia:BacklogCurrentYearQuantity>183</foia:BacklogCurrentYearQuantity>
    </foia:BacklogComparison>
    <foia:BacklogComparisonOrganizationAssociation>
      <foia:ComponentDataReference s:ref="RBC1"/>
      <nc:OrganizationReference s:ref="ORG1"/>
    </foia:BacklogComparisonOrganizationAssociation>
    <foia:BacklogComparisonOrganizationAssociation>
      <foia:ComponentDataReference s:ref="RBC0" />
      <nc:OrganizationReference s:ref="ORG0" />
    </foia:BacklogComparisonOrganizationAssociation>
    <foia:FootnoteText>
    </foia:FootnoteText>
  </foia:BackloggedRequestComparisonSection>
  <foia:ProcessedAppealComparisonSection>
    <foia:ProcessingComparison s:id="APC1">
      <foia:ItemsReceivedLastYearQuantity>1</foia:ItemsReceivedLastYearQuantity>
      <foia:ItemsReceivedCurrentYearQuantity>5</foia:ItemsReceivedCurrentYearQuantity>
      <foia:ItemsProcessedLastYearQuantity>5</foia:ItemsProcessedLastYearQuantity>
      <foia:ItemsProcessedCurrentYearQuantity>4</foia:ItemsProcessedCurrentYearQuantity>
    </foia:ProcessingComparison>
    <foia:ProcessingComparison s:id="APC0">
      <foia:ItemsReceivedLastYearQuantity>1</foia:ItemsReceivedLastYearQuantity>
      <foia:ItemsReceivedCurrentYearQuantity>5</foia:ItemsReceivedCurrentYearQuantity>
      <foia:ItemsProcessedLastYearQuantity>5</foia:ItemsProcessedLastYearQuantity>
      <foia:ItemsProcessedCurrentYearQuantity>4</foia:ItemsProcessedCurrentYearQuantity>
    </foia:ProcessingComparison>
    <foia:ProcessingComparisonOrganizationAssociation>
      <foia:ComponentDataReference s:ref="APC1"/>
      <nc:OrganizationReference s:ref="ORG1"/>
    </foia:ProcessingComparisonOrganizationAssociation>
    <foia:ProcessingComparisonOrganizationAssociation>
      <foia:ComponentDataReference s:ref="APC0" />
      <nc:OrganizationReference s:ref="ORG0" />
    </foia:ProcessingComparisonOrganizationAssociation>
    <foia:FootnoteText>
    </foia:FootnoteText>
  </foia:ProcessedAppealComparisonSection>
  <foia:BackloggedAppealComparisonSection>
    <foia:BacklogComparison s:id="ABC1">
      <foia:BacklogLastYearQuantity>0</foia:BacklogLastYearQuantity>
      <foia:BacklogCurrentYearQuantity>0</foia:BacklogCurrentYearQuantity>
    </foia:BacklogComparison>
    <foia:BacklogComparison s:id="ABC0">
      <foia:BacklogLastYearQuantity>0</foia:BacklogLastYearQuantity>
      <foia:BacklogCurrentYearQuantity>0</foia:BacklogCurrentYearQuantity>
    </foia:BacklogComparison>
    <foia:BacklogComparisonOrganizationAssociation>
      <foia:ComponentDataReference s:ref="ABC1"/>
      <nc:OrganizationReference s:ref="ORG1"/>
    </foia:BacklogComparisonOrganizationAssociation>
    <foia:BacklogComparisonOrganizationAssociation>
      <foia:ComponentDataReference s:ref="ABC0" />
      <nc:OrganizationReference s:ref="ORG0" />
    </foia:BacklogComparisonOrganizationAssociation>
    <foia:FootnoteText>
    </foia:FootnoteText>
  </foia:BackloggedAppealComparisonSection>
</iepd:FoiaAnnualReport>